junk,value,noise
]yW;GmY!zv]Z,9200,"({9Sg!R=;EJW@cTf\m!,"
H@F){|r4~G7V,38506,"ab2`F:""o9@O9N>s-+>{Z"
q%>X17h/%'oV,30450,">\W9""Y@!I$i|?%}ql_*c"
Fc3s8noIv$G1,66394,+LxVfkS8@14WF>6aPZ7H
4aR$1Wm-CbPn,70139,@/BSCg?nv=DHe~UnUpWd
"v-[""av{q(rDz",4573,T;})GQFf	0CI1aZ+!KwV
"f*""t4n<FJene",96630,zGG)242@|zqbxf#sC|9`
_F/Zb(6*<@1b,22046,{8Uef'@h:k/}D	@eZ?.&
"6)S=,J!$(I,a",84991,",4t2La,/zfbOak\.ZYbE"
kes'Txv\{+iy,98347,cN24%yYCg__b:7F(Kw|~
"|]Wzam
%z8]h",38780,"d|&8sEzA8,jFn=KS~h!'"
/Zr311nAq;$',67847,<z6R%Ji'4a>z2[_!vd|_
XB6Fj\B8'%U/,56286,";""	L	
nyMHx	>4r9]ZDI"
.8d&i1u1POe.,85238,"ny|# $qQ';Yv"")o
	o`W"
YRCe^`&z/U]u,19758,	pSA+yL\7'iH^30OcEO'
Bh+ppY?MmFcd,13966,"@~
;ng1%f8JP
{nse

p"
dlj(qaa*LQ-|,90607,<#?*[:D4DJH&V$TR%7xv
GiAgJ[3LTV\a,73123,"],-;S#8D:JPbg^9(,!4S"
Ag]S-8%#:\aG,71689,x2gg\aQc-aYwGTQwT4+I
p5jkCp-;EvII,76689," uVs-C
[L.n>%+FnUcP
"
YcQe]|3u1E_V,48500,"NtKf#Pr/eok<
E37XS?#"
2X-Lo8$f&t>*,68496,"i@8,E(!]#E&hK
;Lh^|P"
O:Cy`J7/+P/	,79467,"G[}N)ESQ),f0dPz>BslD"
sYLjLj2mgu]N,44820,>~=9^P}1Jh@oBVL]xgNU
"V3)!Ptl""$dfX",62804,B_(82:^ZS UU:sQM*@31
"v[R""'d@aVVli",43499,"RI""e3XfC'(wA1YXFlVz#"
%_:vQT+9$+_8,87285,1u<rx#)@U}WV8(kK5R-R
V658Aoc'z=K{,32014,l24P?1V^W|+Akl/]~^>^
"M%	.v
3\T)NM",81557,9>%Aa;)7GT_ACX145x6b
~QQbdF~KKs<c,40798,>^P} $?Y	d_!~*YA$#\I
